-- Users
DELETE FROM Users;
INSERT INTO Users VALUES
('0000000001','Kevin Halsey',2,'kh2581@columbia.edu',true),
('0000000002','Steve Cody',5,'sc2498@columbia.edu',false),
('0000000003','Kevin Steve',5,'ks7607@columbia.edu',false),
('0000000004','Kelly Steve',5,'ks2416@columbia.edu',true),
('0000000005','Steve Kim',4,'sk4958@columbia.edu',true),
('0000000006','Kevin Cody',5,'kc9764@columbia.edu',false),
('0000000007','James Kelly',5,'jk4009@columbia.edu',true),
('0000000008','Alex Kelly',4,'ak1505@columbia.edu',true),
('0000000009','Kim Cody',2,'kc6229@columbia.edu',false),
('0000000010','Cody Kevin',3,'ck2931@columbia.edu',false),
('0000000011','Kelly Cody',5,'kc4489@columbia.edu',false),
('0000000012','James Alex',3,'ja3249@columbia.edu',true),
('0000000013','James Halsey',1,'jh5937@columbia.edu',false),
('0000000014','Alex Steve',3,'as4543@columbia.edu',true),
('0000000015','Kelly Alex',1,'ka1830@columbia.edu',true),
('0000000016','James Kim',3,'jk9776@columbia.edu',false),
('0000000017','Cody Kelly',4,'ck5103@columbia.edu',false),
('0000000018','Kevin Kim',1,'kk1607@columbia.edu',true),
('0000000019','Steve James',1,'sj5655@columbia.edu',false),
('0000000020','James Kevin',4,'jk7693@columbia.edu',false),
('0000000021','Halsey Steve',3,'hs7571@columbia.edu',false),
('0000000022','Halsey Alex',2,'ha4041@columbia.edu',false),
('0000000023','Steve Kelly',2,'sk1753@columbia.edu',true),
('0000000024','Alex James',3,'aj2755@columbia.edu',true),
('0000000025','Kelly Halsey',3,'kh9170@columbia.edu',false),
('0000000026','Cody Halsey',4,'ch2778@columbia.edu',true),
('0000000027','Cody Alex',3,'ca2469@columbia.edu',true),
('0000000028','Alex Halsey',4,'ah2460@columbia.edu',false),
('0000000029','Kim Kelly',3,'kk8177@columbia.edu',false),
('0000000030','Kim Kevin',2,'kk2589@columbia.edu',true),
('0000000031','Halsey Kelly',1,'hk4274@columbia.edu',true),
('0000000032','Kelly James',4,'kj9783@columbia.edu',true),
('0000000033','Steve Alex',3,'sa6853@columbia.edu',true),
('0000000034','Steve Halsey',3,'sh1745@columbia.edu',false),
('0000000035','Alex Kim',2,'ak7714@columbia.edu',false),
('0000000036','Halsey Kevin',2,'hk9394@columbia.edu',false),
('0000000037','Kevin Alex',2,'ka4697@columbia.edu',false),
('0000000038','Kelly Kevin',2,'kk7543@columbia.edu',false),
('0000000039','James Steve',4,'js6056@columbia.edu',false),
('0000000040','Cody James',5,'cj6960@columbia.edu',true),
('0000000041','Alex Cody',2,'ac4069@columbia.edu',true),
('0000000042','Kevin Kelly',1,'kk6110@columbia.edu',false),
('0000000043','Alex Kevin',4,'ak6760@columbia.edu',false),
('0000000044','James Cody',4,'jc1537@columbia.edu',false),
('0000000045','Kim Alex',1,'ka5911@columbia.edu',false),
('0000000046','Halsey Cody',2,'hc6688@columbia.edu',true),
('0000000047','Cody Steve',3,'cs9823@columbia.edu',true),
('0000000048','Kim James',5,'kj1289@columbia.edu',true),
('0000000049','Halsey Kim',4,'hk6259@columbia.edu',true),
('0000000050','Halsey James',5,'hj4785@columbia.edu',false);

-- Groups
DELETE FROM Groups;
INSERT INTO Groups VALUES
('0000000001',3,'Fury Association'),
('0000000002',2,'Sound Association'),
('0000000003',1,'Beautiful Garden'),
('0000000004',5,'Happy Garden'),
('0000000005',3,'Fury Garden'),
('0000000006',5,'Happy Association'),
('0000000007',5,'Happy Brothers'),
('0000000008',2,'Fury Brothers'),
('0000000009',3,'Sound Garden'),
('0000000010',1,'Beautiful Brothers');

-- User_in_group
DELETE FROM User_in_group;
INSERT INTO User_in_group VALUES
('0000000044','0000000007',1),
('0000000044','0000000005',3),
('0000000044','0000000006',3),
('0000000002','0000000005',2),
('0000000002','0000000003',3),
('0000000029','0000000006',2),
('0000000015','0000000005',2),
('0000000015','0000000003',1),
('0000000015','0000000001',2),
('0000000037','0000000002',3),
('0000000013','0000000009',2),
('0000000001','0000000008',2),
('0000000001','0000000009',1),
('0000000028','0000000001',2),
('0000000028','0000000005',3),
('0000000028','0000000008',3),
('0000000048','0000000005',3),
('0000000048','0000000007',1),
('0000000048','0000000002',2),
('0000000008','0000000006',2),
('0000000008','0000000003',2),
('0000000008','0000000001',3),
('0000000034','0000000001',1),
('0000000034','0000000005',2),
('0000000034','0000000007',3),
('0000000035','0000000001',3),
('0000000035','0000000006',2),
('0000000035','0000000010',3),
('0000000021','0000000008',2),
('0000000050','0000000003',2),
('0000000050','0000000005',3),
('0000000006','0000000005',3),
('0000000006','0000000004',3),
('0000000006','0000000008',2);

-- Dep_posts
DELETE FROM Dep_posts;
INSERT INTO Dep_posts VALUES
(0,'2021-10-26 21:10:04','0000000044'),
(1,'2021-10-26 21:10:04','0000000044'),
(2,'2021-10-26 21:10:04','0000000044'),
(0,'2021-10-26 21:10:04','0000000002'),
(1,'2021-10-26 21:10:04','0000000002'),
(2,'2021-10-26 21:10:04','0000000002'),
(3,'2021-10-26 21:10:04','0000000002'),
(4,'2021-10-26 21:10:04','0000000002'),
(5,'2021-10-26 21:10:04','0000000002'),
(6,'2021-10-26 21:10:04','0000000002'),
(0,'2021-10-26 21:10:04','0000000029'),
(1,'2021-10-26 21:10:04','0000000029'),
(2,'2021-10-26 21:10:04','0000000029'),
(3,'2021-10-26 21:10:04','0000000029'),
(4,'2021-10-26 21:10:04','0000000029'),
(5,'2021-10-26 21:10:04','0000000029'),
(0,'2021-10-26 21:10:04','0000000015'),
(1,'2021-10-26 21:10:04','0000000015'),
(2,'2021-10-26 21:10:04','0000000015'),
(3,'2021-10-26 21:10:04','0000000015'),
(4,'2021-10-26 21:10:04','0000000015'),
(0,'2021-10-26 21:10:04','0000000037'),
(1,'2021-10-26 21:10:04','0000000037'),
(2,'2021-10-26 21:10:04','0000000037'),
(3,'2021-10-26 21:10:04','0000000037'),
(0,'2021-10-26 21:10:04','0000000013'),
(1,'2021-10-26 21:10:04','0000000013'),
(2,'2021-10-26 21:10:04','0000000013'),
(3,'2021-10-26 21:10:04','0000000013'),
(4,'2021-10-26 21:10:04','0000000013'),
(0,'2021-10-26 21:10:04','0000000001'),
(1,'2021-10-26 21:10:04','0000000001'),
(2,'2021-10-26 21:10:04','0000000001');

-- Group_posts
DELETE FROM Group_posts;
INSERT INTO Group_posts VALUES
('0000000044','0000000007',1,'sample text','www.sample.im/URL'),
('0000000002','0000000005',1,'sample text','www.sample.im/URL'),
('0000000002','0000000005',2,'sample text','www.sample.im/URL'),
('0000000002','0000000005',4,'sample text','www.sample.im/URL'),
('0000000002','0000000005',5,'sample text','www.sample.im/URL'),
('0000000029','0000000006',2,'sample text','www.sample.im/URL'),
('0000000029','0000000006',4,'sample text','www.sample.im/URL'),
('0000000015','0000000005',4,'sample text','www.sample.im/URL'),
('0000000037','0000000002',0,'sample text','www.sample.im/URL'),
('0000000013','0000000009',1,'sample text','www.sample.im/URL'),
('0000000013','0000000009',2,'sample text','www.sample.im/URL'),
('0000000013','0000000009',3,'sample text','www.sample.im/URL'),
('0000000013','0000000009',4,'sample text','www.sample.im/URL'),
('0000000001','0000000008',1,'sample text','www.sample.im/URL'),
('0000000001','0000000008',2,'sample text','www.sample.im/URL');

-- Personal_mood
DELETE FROM Personal_mood;
INSERT INTO Personal_mood VALUES
(40.8108,74.0601,'0000000044',0,1),
(40.7518,74.0681,'0000000044',2,3),
(40.7408,74.0711,'0000000002',0,2),
(40.8038,74.0841,'0000000002',3,2),
(40.784800000000004,74.01910000000001,'0000000002',6,3),
(40.7538,74.0851,'0000000029',0,2),
(40.7748,74.0631,'0000000029',1,3),
(40.714800000000004,74.0181,'0000000029',3,4),
(40.7768,74.04910000000001,'0000000029',5,2),
(40.8038,74.0151,'0000000015',0,2),
(40.741800000000005,74.03710000000001,'0000000015',1,2),
(40.7708,74.0181,'0000000015',2,1),
(40.778800000000004,74.0691,'0000000015',3,1),
(40.7558,74.0761,'0000000037',1,2),
(40.7838,74.0821,'0000000037',2,3),
(40.7248,74.0831,'0000000037',3,4),
(40.7868,74.03710000000001,'0000000013',0,3),
(40.7978,74.04010000000001,'0000000001',0,4);

-- Dep_comments
DELETE FROM Dep_comments;
INSERT INTO Dep_comments VALUES
(0,'0000000044','0000000044',0,'sample comment','2021-10-26 21:10:04'),
(1,'0000000044','0000000044',1,'sample comment','2021-10-26 21:10:04'),
(2,'0000000044','0000000044',2,'sample comment','2021-10-26 21:10:04'),
(0,'0000000002','0000000044',0,'sample comment','2021-10-26 21:10:04'),
(1,'0000000002','0000000044',1,'sample comment','2021-10-26 21:10:04'),
(2,'0000000002','0000000044',2,'sample comment','2021-10-26 21:10:04'),
(3,'0000000002',NULL,NULL,'sample comment','2021-10-26 21:10:04'),
(0,'0000000029','0000000044',0,'sample comment','2021-10-26 21:10:04'),
(1,'0000000029',NULL,NULL,'sample comment','2021-10-26 21:10:04'),
(2,'0000000029',NULL,NULL,'sample comment','2021-10-26 21:10:04'),
(3,'0000000029',NULL,NULL,'sample comment','2021-10-26 21:10:04'),
(0,'0000000015','0000000044',0,'sample comment','2021-10-26 21:10:04'),
(1,'0000000015',NULL,NULL,'sample comment','2021-10-26 21:10:04'),
(2,'0000000015',NULL,NULL,'sample comment','2021-10-26 21:10:04'),
(3,'0000000015','0000000002',0,'sample comment','2021-10-26 21:10:04'),
(4,'0000000015','0000000002',1,'sample comment','2021-10-26 21:10:04'),
(5,'0000000015','0000000002',2,'sample comment','2021-10-26 21:10:04'),
(6,'0000000015',NULL,NULL,'sample comment','2021-10-26 21:10:04'),
(0,'0000000037','0000000044',0,'sample comment','2021-10-26 21:10:04'),
(1,'0000000037',NULL,NULL,'sample comment','2021-10-26 21:10:04'),
(2,'0000000037','0000000044',2,'sample comment','2021-10-26 21:10:05'),
(3,'0000000037',NULL,NULL,'sample comment','2021-10-26 21:10:05'),
(4,'0000000037','0000000002',1,'sample comment','2021-10-26 21:10:05');

-- Follow
DELETE FROM Follow;
INSERT INTO Follow VALUES
('0000000048','0000000028'),
('0000000048','0000000029'),
('0000000048','0000000003'),
('0000000048','0000000016'),
('0000000048','0000000035'),
('0000000023','0000000005'),
('0000000023','0000000017'),
('0000000023','0000000002'),
('0000000023','0000000039'),
('0000000042','0000000011'),
('0000000042','0000000036'),
('0000000042','0000000010'),
('0000000042','0000000043'),
('0000000042','0000000026'),
('0000000033','0000000035'),
('0000000033','0000000036'),
('0000000033','0000000021'),
('0000000033','0000000024'),
('0000000033','0000000047'),
('0000000033','0000000017'),
('0000000008','0000000007'),
('0000000008','0000000032'),
('0000000008','0000000047'),
('0000000024','0000000042'),
('0000000024','0000000030'),
('0000000024','0000000005'),
('0000000043','0000000030'),
('0000000043','0000000019'),
('0000000043','0000000010'),
('0000000043','0000000026'),
('0000000012','0000000040'),
('0000000012','0000000039'),
('0000000012','0000000046'),
('0000000012','0000000011'),
('0000000014','0000000050'),
('0000000014','0000000031'),
('0000000014','0000000002'),
('0000000014','0000000005'),
('0000000014','0000000011'),
('0000000014','0000000041'),
('0000000014','0000000018'),
('0000000048','0000000037'),
('0000000048','0000000008'),
('0000000048','0000000030');

-- comments_to_comments
DELETE FROM comments_to_comments;
INSERT INTO comments_to_comments VALUES
('0000000002','0000000015',3,1),
('0000000029','0000000015',1,2),
('0000000029','0000000044',2,1),
('0000000029','0000000029',3,1),
('0000000015','0000000015',1,5),
('0000000015','0000000015',2,4),
('0000000015','0000000015',6,1),
('0000000037','0000000029',1,2),
('0000000037','0000000015',3,4);

-- Responses_to_post
DELETE FROM Responses_to_post;
INSERT INTO Responses_to_post VALUES
('0000000044',0,'0000000044',1,'2021-10-26 21:10:05'),
('0000000044',0,'0000000002',4,'2021-10-26 21:10:05'),
('0000000044',0,'0000000029',3,'2021-10-26 21:10:05'),
('0000000044',0,'0000000015',2,'2021-10-26 21:10:05'),
('0000000044',0,'0000000037',3,'2021-10-26 21:10:05'),
('0000000044',0,'0000000013',1,'2021-10-26 21:10:05'),
('0000000044',0,'0000000001',2,'2021-10-26 21:10:05'),
('0000000044',0,'0000000028',2,'2021-10-26 21:10:05'),
('0000000044',0,'0000000048',2,'2021-10-26 21:10:05'),
('0000000044',0,'0000000008',2,'2021-10-26 21:10:05'),
('0000000044',0,'0000000034',4,'2021-10-26 21:10:05'),
('0000000044',0,'0000000035',1,'2021-10-26 21:10:05'),
('0000000044',0,'0000000021',1,'2021-10-26 21:10:05'),
('0000000044',0,'0000000050',3,'2021-10-26 21:10:05'),
('0000000044',0,'0000000006',4,'2021-10-26 21:10:05'),
('0000000044',0,'0000000039',1,'2021-10-26 21:10:05'),
('0000000044',0,'0000000012',3,'2021-10-26 21:10:05'),
('0000000044',0,'0000000024',3,'2021-10-26 21:10:05'),
('0000000044',0,'0000000041',1,'2021-10-26 21:10:05'),
('0000000044',0,'0000000016',3,'2021-10-26 21:10:05'),
('0000000044',0,'0000000011',2,'2021-10-26 21:10:05'),
('0000000044',0,'0000000022',3,'2021-10-26 21:10:05'),
('0000000044',0,'0000000047',4,'2021-10-26 21:10:05'),
('0000000044',0,'0000000004',1,'2021-10-26 21:10:05'),
('0000000044',0,'0000000010',4,'2021-10-26 21:10:05'),
('0000000044',0,'0000000005',3,'2021-10-26 21:10:05'),
('0000000044',0,'0000000042',2,'2021-10-26 21:10:05'),
('0000000044',0,'0000000043',3,'2021-10-26 21:10:05'),
('0000000044',0,'0000000040',2,'2021-10-26 21:10:05'),
('0000000044',0,'0000000018',2,'2021-10-26 21:10:05'),
('0000000044',0,'0000000030',2,'2021-10-26 21:10:05'),
('0000000044',0,'0000000046',1,'2021-10-26 21:10:05'),
('0000000044',0,'0000000007',3,'2021-10-26 21:10:05'),
('0000000044',0,'0000000036',4,'2021-10-26 21:10:05'),
('0000000044',0,'0000000019',1,'2021-10-26 21:10:05'),
('0000000044',0,'0000000009',1,'2021-10-26 21:10:05'),
('0000000044',0,'0000000045',2,'2021-10-26 21:10:05'),
('0000000044',0,'0000000014',2,'2021-10-26 21:10:05'),
('0000000044',0,'0000000038',1,'2021-10-26 21:10:05'),
('0000000044',0,'0000000023',1,'2021-10-26 21:10:05'),
('0000000044',0,'0000000031',4,'2021-10-26 21:10:05'),
('0000000044',0,'0000000020',3,'2021-10-26 21:10:05'),
('0000000044',0,'0000000026',2,'2021-10-26 21:10:05'),
('0000000044',0,'0000000032',2,'2021-10-26 21:10:05'),
('0000000044',0,'0000000033',4,'2021-10-26 21:10:05'),
('0000000044',1,'0000000033',1,'2021-10-26 21:10:05'),
('0000000044',1,'0000000048',4,'2021-10-26 21:10:05'),
('0000000044',1,'0000000009',2,'2021-10-26 21:10:05'),
('0000000044',1,'0000000045',1,'2021-10-26 21:10:05'),
('0000000044',1,'0000000042',1,'2021-10-26 21:10:05'),
('0000000044',1,'0000000019',4,'2021-10-26 21:10:05'),
('0000000044',1,'0000000012',1,'2021-10-26 21:10:05'),
('0000000044',1,'0000000010',3,'2021-10-26 21:10:05'),
('0000000044',1,'0000000001',1,'2021-10-26 21:10:05'),
('0000000044',1,'0000000006',2,'2021-10-26 21:10:05'),
('0000000044',1,'0000000027',1,'2021-10-26 21:10:05'),
('0000000044',1,'0000000008',3,'2021-10-26 21:10:05'),
('0000000044',1,'0000000030',3,'2021-10-26 21:10:05'),
('0000000044',1,'0000000043',4,'2021-10-26 21:10:05'),
('0000000044',1,'0000000016',2,'2021-10-26 21:10:05'),
('0000000044',1,'0000000044',1,'2021-10-26 21:10:05'),
('0000000044',1,'0000000029',4,'2021-10-26 21:10:05'),
('0000000044',1,'0000000007',1,'2021-10-26 21:10:05'),
('0000000044',1,'0000000041',1,'2021-10-26 21:10:05'),
('0000000044',1,'0000000004',4,'2021-10-26 21:10:05'),
('0000000044',1,'0000000018',2,'2021-10-26 21:10:05'),
('0000000044',1,'0000000037',3,'2021-10-26 21:10:05'),
('0000000044',1,'0000000015',3,'2021-10-26 21:10:05'),
('0000000044',1,'0000000036',4,'2021-10-26 21:10:05'),
('0000000044',1,'0000000050',2,'2021-10-26 21:10:05'),
('0000000044',1,'0000000034',2,'2021-10-26 21:10:05'),
('0000000044',1,'0000000017',1,'2021-10-26 21:10:05'),
('0000000044',1,'0000000005',2,'2021-10-26 21:10:05'),
('0000000044',1,'0000000035',2,'2021-10-26 21:10:05'),
('0000000044',1,'0000000038',3,'2021-10-26 21:10:05'),
('0000000044',1,'0000000032',3,'2021-10-26 21:10:05'),
('0000000044',1,'0000000031',1,'2021-10-26 21:10:05'),
('0000000044',1,'0000000049',4,'2021-10-26 21:10:05'),
('0000000044',1,'0000000002',2,'2021-10-26 21:10:05'),
('0000000044',1,'0000000039',1,'2021-10-26 21:10:05'),
('0000000044',1,'0000000021',4,'2021-10-26 21:10:05'),
('0000000044',1,'0000000022',4,'2021-10-26 21:10:05'),
('0000000044',1,'0000000025',3,'2021-10-26 21:10:05'),
('0000000044',1,'0000000003',3,'2021-10-26 21:10:05'),
('0000000044',1,'0000000028',4,'2021-10-26 21:10:05'),
('0000000044',1,'0000000023',3,'2021-10-26 21:10:05'),
('0000000044',1,'0000000011',2,'2021-10-26 21:10:05'),
('0000000044',1,'0000000013',1,'2021-10-26 21:10:05'),
('0000000044',1,'0000000047',4,'2021-10-26 21:10:05'),
('0000000044',1,'0000000020',1,'2021-10-26 21:10:05'),
('0000000044',2,'0000000045',4,'2021-10-26 21:10:05'),
('0000000044',2,'0000000005',1,'2021-10-26 21:10:05'),
('0000000044',2,'0000000026',4,'2021-10-26 21:10:05'),
('0000000044',2,'0000000002',2,'2021-10-26 21:10:05'),
('0000000044',2,'0000000031',1,'2021-10-26 21:10:05'),
('0000000044',2,'0000000038',2,'2021-10-26 21:10:05'),
('0000000044',2,'0000000008',1,'2021-10-26 21:10:06'),
('0000000044',2,'0000000006',4,'2021-10-26 21:10:06'),
('0000000044',2,'0000000022',4,'2021-10-26 21:10:06'),
('0000000044',2,'0000000029',3,'2021-10-26 21:10:06'),
('0000000044',2,'0000000035',1,'2021-10-26 21:10:06'),
('0000000044',2,'0000000042',2,'2021-10-26 21:10:06'),
('0000000044',2,'0000000047',1,'2021-10-26 21:10:06'),
('0000000044',2,'0000000046',1,'2021-10-26 21:10:06'),
('0000000044',2,'0000000024',1,'2021-10-26 21:10:06'),
('0000000044',2,'0000000036',2,'2021-10-26 21:10:06'),
('0000000044',2,'0000000013',1,'2021-10-26 21:10:06'),
('0000000044',2,'0000000014',2,'2021-10-26 21:10:06'),
('0000000044',2,'0000000048',3,'2021-10-26 21:10:06'),
('0000000002',0,'0000000004',1,'2021-10-26 21:10:06'),
('0000000002',0,'0000000023',3,'2021-10-26 21:10:06'),
('0000000002',0,'0000000032',1,'2021-10-26 21:10:06'),
('0000000002',0,'0000000018',1,'2021-10-26 21:10:06'),
('0000000002',0,'0000000047',3,'2021-10-26 21:10:06'),
('0000000002',0,'0000000050',2,'2021-10-26 21:10:06'),
('0000000002',0,'0000000043',2,'2021-10-26 21:10:06'),
('0000000002',0,'0000000012',3,'2021-10-26 21:10:06'),
('0000000002',0,'0000000031',3,'2021-10-26 21:10:06'),
('0000000002',0,'0000000019',4,'2021-10-26 21:10:06'),
('0000000002',0,'0000000049',2,'2021-10-26 21:10:06'),
('0000000002',0,'0000000002',3,'2021-10-26 21:10:06'),
('0000000002',0,'0000000026',1,'2021-10-26 21:10:06'),
('0000000002',0,'0000000034',4,'2021-10-26 21:10:06'),
('0000000002',0,'0000000025',2,'2021-10-26 21:10:06'),
('0000000002',0,'0000000040',1,'2021-10-26 21:10:06'),
('0000000002',0,'0000000046',3,'2021-10-26 21:10:06'),
('0000000002',0,'0000000024',2,'2021-10-26 21:10:06'),
('0000000002',0,'0000000036',1,'2021-10-26 21:10:06'),
('0000000002',0,'0000000007',3,'2021-10-26 21:10:06'),
('0000000002',0,'0000000048',4,'2021-10-26 21:10:06'),
('0000000002',0,'0000000009',3,'2021-10-26 21:10:06'),
('0000000002',0,'0000000035',3,'2021-10-26 21:10:06'),
('0000000002',0,'0000000033',4,'2021-10-26 21:10:06'),
('0000000002',0,'0000000020',1,'2021-10-26 21:10:06'),
('0000000002',0,'0000000030',1,'2021-10-26 21:10:06'),
('0000000002',0,'0000000039',4,'2021-10-26 21:10:06'),
('0000000002',0,'0000000041',4,'2021-10-26 21:10:06'),
('0000000002',0,'0000000015',3,'2021-10-26 21:10:06'),
('0000000002',0,'0000000045',3,'2021-10-26 21:10:06'),
('0000000002',0,'0000000027',1,'2021-10-26 21:10:06'),
('0000000002',0,'0000000044',4,'2021-10-26 21:10:06'),
('0000000002',0,'0000000029',1,'2021-10-26 21:10:06'),
('0000000002',0,'0000000011',4,'2021-10-26 21:10:06'),
('0000000002',0,'0000000016',4,'2021-10-26 21:10:06'),
('0000000002',0,'0000000017',1,'2021-10-26 21:10:06'),
('0000000002',0,'0000000022',3,'2021-10-26 21:10:06'),
('0000000002',0,'0000000013',3,'2021-10-26 21:10:06'),
('0000000002',0,'0000000006',2,'2021-10-26 21:10:06'),
('0000000002',0,'0000000003',2,'2021-10-26 21:10:06'),
('0000000002',0,'0000000037',4,'2021-10-26 21:10:06'),
('0000000002',0,'0000000005',1,'2021-10-26 21:10:06'),
('0000000002',0,'0000000038',1,'2021-10-26 21:10:06'),
('0000000002',0,'0000000028',1,'2021-10-26 21:10:06'),
('0000000002',0,'0000000010',2,'2021-10-26 21:10:06'),
('0000000002',1,'0000000027',4,'2021-10-26 21:10:06'),
('0000000002',1,'0000000028',2,'2021-10-26 21:10:06'),
('0000000002',1,'0000000007',4,'2021-10-26 21:10:06'),
('0000000002',1,'0000000031',4,'2021-10-26 21:10:06'),
('0000000002',1,'0000000003',4,'2021-10-26 21:10:06'),
('0000000002',1,'0000000048',3,'2021-10-26 21:10:06'),
('0000000002',2,'0000000025',2,'2021-10-26 21:10:06'),
('0000000002',2,'0000000031',3,'2021-10-26 21:10:06'),
('0000000002',2,'0000000009',4,'2021-10-26 21:10:06'),
('0000000002',2,'0000000005',4,'2021-10-26 21:10:06'),
('0000000002',2,'0000000032',4,'2021-10-26 21:10:06'),
('0000000002',2,'0000000045',2,'2021-10-26 21:10:06'),
('0000000002',2,'0000000029',1,'2021-10-26 21:10:06'),
('0000000002',2,'0000000012',1,'2021-10-26 21:10:06'),
('0000000002',2,'0000000022',2,'2021-10-26 21:10:06'),
('0000000002',2,'0000000044',3,'2021-10-26 21:10:06'),
('0000000002',2,'0000000038',3,'2021-10-26 21:10:06'),
('0000000002',2,'0000000004',3,'2021-10-26 21:10:06'),
('0000000002',2,'0000000018',1,'2021-10-26 21:10:06'),
('0000000002',2,'0000000024',4,'2021-10-26 21:10:06'),
('0000000002',2,'0000000048',3,'2021-10-26 21:10:06'),
('0000000002',2,'0000000020',3,'2021-10-26 21:10:06'),
('0000000002',2,'0000000011',4,'2021-10-26 21:10:06'),
('0000000002',2,'0000000034',4,'2021-10-26 21:10:06'),
('0000000002',2,'0000000008',4,'2021-10-26 21:10:06'),
('0000000002',2,'0000000003',1,'2021-10-26 21:10:06'),
('0000000002',2,'0000000023',2,'2021-10-26 21:10:06'),
('0000000002',2,'0000000001',2,'2021-10-26 21:10:06'),
('0000000002',2,'0000000028',2,'2021-10-26 21:10:06'),
('0000000002',2,'0000000043',3,'2021-10-26 21:10:06'),
('0000000002',2,'0000000010',3,'2021-10-26 21:10:06'),
('0000000002',2,'0000000016',1,'2021-10-26 21:10:06'),
('0000000002',2,'0000000013',1,'2021-10-26 21:10:06'),
('0000000002',3,'0000000024',2,'2021-10-26 21:10:06'),
('0000000002',3,'0000000025',1,'2021-10-26 21:10:06'),
('0000000002',3,'0000000008',4,'2021-10-26 21:10:06'),
('0000000002',3,'0000000006',4,'2021-10-26 21:10:06'),
('0000000002',3,'0000000011',3,'2021-10-26 21:10:06'),
('0000000002',3,'0000000022',2,'2021-10-26 21:10:06'),
('0000000002',3,'0000000002',4,'2021-10-26 21:10:06'),
('0000000002',3,'0000000026',3,'2021-10-26 21:10:06'),
('0000000002',3,'0000000043',1,'2021-10-26 21:10:06'),
('0000000002',3,'0000000050',1,'2021-10-26 21:10:06'),
('0000000002',3,'0000000016',1,'2021-10-26 21:10:06'),
('0000000002',3,'0000000048',4,'2021-10-26 21:10:06'),
('0000000002',3,'0000000012',3,'2021-10-26 21:10:06'),
('0000000002',3,'0000000001',1,'2021-10-26 21:10:06'),
('0000000002',3,'0000000014',2,'2021-10-26 21:10:06'),
('0000000002',3,'0000000041',2,'2021-10-26 21:10:06'),
('0000000002',3,'0000000007',1,'2021-10-26 21:10:06'),
('0000000002',3,'0000000020',4,'2021-10-26 21:10:06'),
('0000000002',3,'0000000018',3,'2021-10-26 21:10:06'),
('0000000002',3,'0000000040',1,'2021-10-26 21:10:06'),
('0000000002',3,'0000000004',2,'2021-10-26 21:10:06'),
('0000000002',3,'0000000021',4,'2021-10-26 21:10:06'),
('0000000002',3,'0000000034',4,'2021-10-26 21:10:06'),
('0000000002',3,'0000000027',1,'2021-10-26 21:10:06'),
('0000000002',3,'0000000019',1,'2021-10-26 21:10:06'),
('0000000002',3,'0000000038',4,'2021-10-26 21:10:06'),
('0000000002',3,'0000000023',1,'2021-10-26 21:10:06'),
('0000000002',3,'0000000032',1,'2021-10-26 21:10:06'),
('0000000002',3,'0000000033',4,'2021-10-26 21:10:06'),
('0000000002',3,'0000000003',2,'2021-10-26 21:10:06'),
('0000000002',3,'0000000017',1,'2021-10-26 21:10:06'),
('0000000002',3,'0000000031',4,'2021-10-26 21:10:06'),
('0000000002',3,'0000000047',4,'2021-10-26 21:10:06'),
('0000000002',4,'0000000043',1,'2021-10-26 21:10:06'),
('0000000002',4,'0000000016',1,'2021-10-26 21:10:06'),
('0000000002',4,'0000000001',3,'2021-10-26 21:10:06'),
('0000000002',4,'0000000017',2,'2021-10-26 21:10:06'),
('0000000002',4,'0000000012',4,'2021-10-26 21:10:06'),
('0000000002',4,'0000000038',2,'2021-10-26 21:10:06'),
('0000000002',4,'0000000030',2,'2021-10-26 21:10:06'),
('0000000002',4,'0000000049',2,'2021-10-26 21:10:06'),
('0000000002',4,'0000000018',3,'2021-10-26 21:10:06'),
('0000000002',4,'0000000008',2,'2021-10-26 21:10:06'),
('0000000002',4,'0000000045',2,'2021-10-26 21:10:06'),
('0000000002',5,'0000000024',2,'2021-10-26 21:10:06'),
('0000000002',5,'0000000013',4,'2021-10-26 21:10:06'),
('0000000002',5,'0000000030',4,'2021-10-26 21:10:06'),
('0000000002',5,'0000000035',2,'2021-10-26 21:10:06'),
('0000000002',5,'0000000031',2,'2021-10-26 21:10:06'),
('0000000002',5,'0000000042',4,'2021-10-26 21:10:06'),
('0000000002',5,'0000000010',3,'2021-10-26 21:10:06'),
('0000000002',5,'0000000040',2,'2021-10-26 21:10:06'),
('0000000002',5,'0000000028',3,'2021-10-26 21:10:06'),
('0000000002',5,'0000000006',4,'2021-10-26 21:10:06'),
('0000000002',5,'0000000036',1,'2021-10-26 21:10:06'),
('0000000002',5,'0000000009',4,'2021-10-26 21:10:06'),
('0000000002',5,'0000000038',2,'2021-10-26 21:10:07'),
('0000000002',5,'0000000017',3,'2021-10-26 21:10:07'),
('0000000002',5,'0000000014',1,'2021-10-26 21:10:07'),
('0000000002',5,'0000000045',4,'2021-10-26 21:10:07'),
('0000000002',5,'0000000025',4,'2021-10-26 21:10:07'),
('0000000002',5,'0000000043',1,'2021-10-26 21:10:07'),
('0000000002',5,'0000000037',2,'2021-10-26 21:10:07'),
('0000000002',5,'0000000046',3,'2021-10-26 21:10:07'),
('0000000002',5,'0000000026',1,'2021-10-26 21:10:07'),
('0000000002',5,'0000000003',3,'2021-10-26 21:10:07'),
('0000000002',5,'0000000021',2,'2021-10-26 21:10:07'),
('0000000002',5,'0000000039',4,'2021-10-26 21:10:07'),
('0000000002',5,'0000000033',4,'2021-10-26 21:10:07'),
('0000000002',6,'0000000038',4,'2021-10-26 21:10:07'),
('0000000002',6,'0000000011',3,'2021-10-26 21:10:07'),
('0000000002',6,'0000000008',3,'2021-10-26 21:10:07'),
('0000000002',6,'0000000023',4,'2021-10-26 21:10:07'),
('0000000002',6,'0000000037',3,'2021-10-26 21:10:07'),
('0000000002',6,'0000000007',2,'2021-10-26 21:10:07'),
('0000000002',6,'0000000018',2,'2021-10-26 21:10:07'),
('0000000002',6,'0000000019',1,'2021-10-26 21:10:07'),
('0000000002',6,'0000000031',1,'2021-10-26 21:10:07'),
('0000000002',6,'0000000049',4,'2021-10-26 21:10:07'),
('0000000002',6,'0000000029',4,'2021-10-26 21:10:07'),
('0000000002',6,'0000000026',4,'2021-10-26 21:10:07'),
('0000000002',6,'0000000045',2,'2021-10-26 21:10:07'),
('0000000002',6,'0000000017',3,'2021-10-26 21:10:07'),
('0000000002',6,'0000000027',3,'2021-10-26 21:10:07'),
('0000000002',6,'0000000035',4,'2021-10-26 21:10:07'),
('0000000002',6,'0000000036',4,'2021-10-26 21:10:07'),
('0000000002',6,'0000000032',2,'2021-10-26 21:10:07'),
('0000000002',6,'0000000022',4,'2021-10-26 21:10:07'),
('0000000002',6,'0000000050',4,'2021-10-26 21:10:07'),
('0000000002',6,'0000000021',3,'2021-10-26 21:10:07'),
('0000000002',6,'0000000044',4,'2021-10-26 21:10:07'),
('0000000002',6,'0000000012',1,'2021-10-26 21:10:07'),
('0000000002',6,'0000000046',4,'2021-10-26 21:10:07'),
('0000000002',6,'0000000047',3,'2021-10-26 21:10:07'),
('0000000002',6,'0000000003',2,'2021-10-26 21:10:07'),
('0000000029',0,'0000000044',4,'2021-10-26 21:10:07'),
('0000000029',0,'0000000050',3,'2021-10-26 21:10:07'),
('0000000029',0,'0000000001',4,'2021-10-26 21:10:07'),
('0000000029',0,'0000000016',4,'2021-10-26 21:10:07'),
('0000000029',0,'0000000025',4,'2021-10-26 21:10:07'),
('0000000029',0,'0000000020',4,'2021-10-26 21:10:07'),
('0000000029',0,'0000000028',2,'2021-10-26 21:10:07'),
('0000000029',0,'0000000047',2,'2021-10-26 21:10:07'),
('0000000029',0,'0000000032',4,'2021-10-26 21:10:07'),
('0000000029',0,'0000000035',2,'2021-10-26 21:10:07'),
('0000000029',0,'0000000026',1,'2021-10-26 21:10:07'),
('0000000029',1,'0000000021',2,'2021-10-26 21:10:07'),
('0000000029',1,'0000000013',4,'2021-10-26 21:10:07'),
('0000000029',1,'0000000003',2,'2021-10-26 21:10:07'),
('0000000029',1,'0000000048',3,'2021-10-26 21:10:07'),
('0000000029',1,'0000000034',1,'2021-10-26 21:10:07'),
('0000000029',1,'0000000047',1,'2021-10-26 21:10:07'),
('0000000029',1,'0000000050',3,'2021-10-26 21:10:07'),
('0000000029',1,'0000000035',3,'2021-10-26 21:10:07'),
('0000000029',1,'0000000025',4,'2021-10-26 21:10:07'),
('0000000029',1,'0000000009',3,'2021-10-26 21:10:07'),
('0000000029',1,'0000000007',3,'2021-10-26 21:10:07'),
('0000000029',1,'0000000010',1,'2021-10-26 21:10:07'),
('0000000029',1,'0000000002',1,'2021-10-26 21:10:07'),
('0000000029',1,'0000000043',2,'2021-10-26 21:10:07'),
('0000000029',1,'0000000044',3,'2021-10-26 21:10:07'),
('0000000029',1,'0000000037',1,'2021-10-26 21:10:07'),
('0000000029',1,'0000000026',2,'2021-10-26 21:10:07'),
('0000000029',1,'0000000028',3,'2021-10-26 21:10:07'),
('0000000029',1,'0000000008',2,'2021-10-26 21:10:07'),
('0000000029',1,'0000000032',2,'2021-10-26 21:10:07'),
('0000000029',1,'0000000045',3,'2021-10-26 21:10:07'),
('0000000029',1,'0000000004',3,'2021-10-26 21:10:07'),
('0000000029',1,'0000000040',3,'2021-10-26 21:10:07'),
('0000000029',1,'0000000024',4,'2021-10-26 21:10:07'),
('0000000029',1,'0000000012',3,'2021-10-26 21:10:07'),
('0000000029',1,'0000000027',4,'2021-10-26 21:10:07'),
('0000000029',1,'0000000031',3,'2021-10-26 21:10:07'),
('0000000029',1,'0000000033',2,'2021-10-26 21:10:07'),
('0000000029',1,'0000000029',1,'2021-10-26 21:10:07'),
('0000000029',1,'0000000046',3,'2021-10-26 21:10:07'),
('0000000029',1,'0000000018',1,'2021-10-26 21:10:07'),
('0000000029',1,'0000000039',1,'2021-10-26 21:10:07'),
('0000000029',1,'0000000006',4,'2021-10-26 21:10:07'),
('0000000029',1,'0000000049',4,'2021-10-26 21:10:07'),
('0000000029',1,'0000000022',4,'2021-10-26 21:10:07'),
('0000000029',2,'0000000006',2,'2021-10-26 21:10:07'),
('0000000029',2,'0000000013',3,'2021-10-26 21:10:07'),
('0000000029',2,'0000000002',1,'2021-10-26 21:10:07'),
('0000000029',2,'0000000016',4,'2021-10-26 21:10:07'),
('0000000029',2,'0000000012',1,'2021-10-26 21:10:07'),
('0000000029',2,'0000000008',1,'2021-10-26 21:10:07'),
('0000000029',2,'0000000021',4,'2021-10-26 21:10:07'),
('0000000029',2,'0000000004',3,'2021-10-26 21:10:07'),
('0000000029',2,'0000000040',1,'2021-10-26 21:10:07'),
('0000000029',2,'0000000022',3,'2021-10-26 21:10:07'),
('0000000029',2,'0000000024',2,'2021-10-26 21:10:07'),
('0000000029',2,'0000000038',3,'2021-10-26 21:10:07'),
('0000000029',2,'0000000019',2,'2021-10-26 21:10:07'),
('0000000029',2,'0000000026',2,'2021-10-26 21:10:07'),
('0000000029',2,'0000000049',1,'2021-10-26 21:10:07'),
('0000000029',3,'0000000026',4,'2021-10-26 21:10:07'),
('0000000029',3,'0000000015',4,'2021-10-26 21:10:07'),
('0000000029',3,'0000000017',3,'2021-10-26 21:10:07'),
('0000000029',3,'0000000010',1,'2021-10-26 21:10:07'),
('0000000029',3,'0000000042',3,'2021-10-26 21:10:07'),
('0000000029',3,'0000000033',2,'2021-10-26 21:10:07'),
('0000000029',3,'0000000016',4,'2021-10-26 21:10:07'),
('0000000029',3,'0000000005',2,'2021-10-26 21:10:07'),
('0000000029',3,'0000000039',3,'2021-10-26 21:10:07'),
('0000000029',3,'0000000020',3,'2021-10-26 21:10:07'),
('0000000029',3,'0000000011',4,'2021-10-26 21:10:07'),
('0000000029',3,'0000000009',1,'2021-10-26 21:10:07'),
('0000000029',3,'0000000025',2,'2021-10-26 21:10:07'),
('0000000029',3,'0000000029',1,'2021-10-26 21:10:07'),
('0000000029',3,'0000000022',3,'2021-10-26 21:10:07'),
('0000000029',3,'0000000038',2,'2021-10-26 21:10:07'),
('0000000029',3,'0000000041',3,'2021-10-26 21:10:07'),
('0000000029',3,'0000000031',4,'2021-10-26 21:10:07'),
('0000000029',3,'0000000014',2,'2021-10-26 21:10:07'),
('0000000029',3,'0000000004',3,'2021-10-26 21:10:07'),
('0000000029',3,'0000000048',3,'2021-10-26 21:10:07'),
('0000000029',3,'0000000037',2,'2021-10-26 21:10:07'),
('0000000029',3,'0000000044',3,'2021-10-26 21:10:07'),
('0000000029',3,'0000000021',1,'2021-10-26 21:10:07'),
('0000000029',3,'0000000030',3,'2021-10-26 21:10:07'),
('0000000029',3,'0000000002',1,'2021-10-26 21:10:07'),
('0000000029',3,'0000000032',2,'2021-10-26 21:10:07'),
('0000000029',3,'0000000008',3,'2021-10-26 21:10:07'),
('0000000029',3,'0000000012',1,'2021-10-26 21:10:07'),
('0000000029',3,'0000000019',4,'2021-10-26 21:10:07'),
('0000000029',3,'0000000018',1,'2021-10-26 21:10:07'),
('0000000029',3,'0000000001',1,'2021-10-26 21:10:07'),
('0000000029',3,'0000000013',2,'2021-10-26 21:10:07'),
('0000000029',3,'0000000035',1,'2021-10-26 21:10:07'),
('0000000029',3,'0000000046',1,'2021-10-26 21:10:07'),
('0000000029',3,'0000000003',2,'2021-10-26 21:10:07'),
('0000000029',3,'0000000034',3,'2021-10-26 21:10:07'),
('0000000029',3,'0000000006',1,'2021-10-26 21:10:07'),
('0000000029',3,'0000000040',1,'2021-10-26 21:10:07'),
('0000000029',3,'0000000024',3,'2021-10-26 21:10:07'),
('0000000029',3,'0000000043',4,'2021-10-26 21:10:07'),
('0000000029',3,'0000000045',2,'2021-10-26 21:10:07'),
('0000000029',4,'0000000022',1,'2021-10-26 21:10:07'),
('0000000029',4,'0000000031',3,'2021-10-26 21:10:07'),
('0000000029',4,'0000000028',3,'2021-10-26 21:10:07'),
('0000000029',4,'0000000010',4,'2021-10-26 21:10:07'),
('0000000029',4,'0000000038',1,'2021-10-26 21:10:07'),
('0000000029',4,'0000000021',1,'2021-10-26 21:10:07'),
('0000000029',4,'0000000049',4,'2021-10-26 21:10:07'),
('0000000029',4,'0000000016',1,'2021-10-26 21:10:07'),
('0000000029',4,'0000000015',3,'2021-10-26 21:10:07'),
('0000000029',4,'0000000018',3,'2021-10-26 21:10:07'),
('0000000029',4,'0000000039',2,'2021-10-26 21:10:07'),
('0000000029',4,'0000000024',4,'2021-10-26 21:10:07'),
('0000000029',4,'0000000050',2,'2021-10-26 21:10:07'),
('0000000029',4,'0000000048',3,'2021-10-26 21:10:07'),
('0000000029',4,'0000000035',2,'2021-10-26 21:10:07'),
('0000000029',4,'0000000047',4,'2021-10-26 21:10:07'),
('0000000029',4,'0000000014',3,'2021-10-26 21:10:07'),
('0000000029',4,'0000000023',3,'2021-10-26 21:10:07'),
('0000000029',4,'0000000001',4,'2021-10-26 21:10:07'),
('0000000029',4,'0000000011',4,'2021-10-26 21:10:07'),
('0000000029',4,'0000000013',1,'2021-10-26 21:10:07'),
('0000000029',4,'0000000002',3,'2021-10-26 21:10:07'),
('0000000029',4,'0000000006',3,'2021-10-26 21:10:07'),
('0000000029',4,'0000000036',4,'2021-10-26 21:10:07'),
('0000000029',4,'0000000007',1,'2021-10-26 21:10:07'),
('0000000029',4,'0000000042',3,'2021-10-26 21:10:07'),
('0000000029',4,'0000000034',1,'2021-10-26 21:10:07'),
('0000000029',4,'0000000040',4,'2021-10-26 21:10:07'),
('0000000029',4,'0000000033',4,'2021-10-26 21:10:07'),
('0000000029',4,'0000000025',1,'2021-10-26 21:10:07'),
('0000000029',4,'0000000027',4,'2021-10-26 21:10:07'),
('0000000029',4,'0000000005',3,'2021-10-26 21:10:07'),
('0000000029',4,'0000000017',4,'2021-10-26 21:10:07'),
('0000000029',4,'0000000019',1,'2021-10-26 21:10:07'),
('0000000029',4,'0000000003',1,'2021-10-26 21:10:07'),
('0000000029',4,'0000000046',3,'2021-10-26 21:10:07'),
('0000000029',4,'0000000041',1,'2021-10-26 21:10:07'),
('0000000029',4,'0000000043',3,'2021-10-26 21:10:07'),
('0000000029',4,'0000000026',3,'2021-10-26 21:10:07'),
('0000000029',5,'0000000025',2,'2021-10-26 21:10:07'),
('0000000029',5,'0000000049',2,'2021-10-26 21:10:07'),
('0000000029',5,'0000000046',1,'2021-10-26 21:10:07'),
('0000000029',5,'0000000033',2,'2021-10-26 21:10:07'),
('0000000029',5,'0000000035',1,'2021-10-26 21:10:07'),
('0000000029',5,'0000000010',4,'2021-10-26 21:10:07'),
('0000000029',5,'0000000015',4,'2021-10-26 21:10:07'),
('0000000029',5,'0000000029',3,'2021-10-26 21:10:07'),
('0000000029',5,'0000000045',3,'2021-10-26 21:10:07'),
('0000000029',5,'0000000023',3,'2021-10-26 21:10:07'),
('0000000029',5,'0000000032',1,'2021-10-26 21:10:07'),
('0000000029',5,'0000000011',4,'2021-10-26 21:10:07'),
('0000000029',5,'0000000017',3,'2021-10-26 21:10:07'),
('0000000029',5,'0000000028',3,'2021-10-26 21:10:08'),
('0000000029',5,'0000000040',3,'2021-10-26 21:10:08'),
('0000000029',5,'0000000005',3,'2021-10-26 21:10:08'),
('0000000029',5,'0000000021',2,'2021-10-26 21:10:08'),
('0000000015',0,'0000000036',3,'2021-10-26 21:10:08'),
('0000000015',0,'0000000022',3,'2021-10-26 21:10:08'),
('0000000015',0,'0000000002',1,'2021-10-26 21:10:08'),
('0000000015',0,'0000000035',3,'2021-10-26 21:10:08'),
('0000000015',0,'0000000015',1,'2021-10-26 21:10:08'),
('0000000015',0,'0000000024',4,'2021-10-26 21:10:08'),
('0000000015',0,'0000000009',1,'2021-10-26 21:10:08'),
('0000000015',0,'0000000021',3,'2021-10-26 21:10:08'),
('0000000015',0,'0000000007',2,'2021-10-26 21:10:08'),
('0000000015',0,'0000000039',4,'2021-10-26 21:10:08'),
('0000000015',0,'0000000043',4,'2021-10-26 21:10:08'),
('0000000015',0,'0000000031',4,'2021-10-26 21:10:08'),
('0000000015',0,'0000000037',4,'2021-10-26 21:10:08'),
('0000000015',0,'0000000041',1,'2021-10-26 21:10:08'),
('0000000015',0,'0000000033',4,'2021-10-26 21:10:08'),
('0000000015',0,'0000000047',3,'2021-10-26 21:10:08'),
('0000000015',0,'0000000004',2,'2021-10-26 21:10:08'),
('0000000015',0,'0000000028',3,'2021-10-26 21:10:08'),
('0000000015',0,'0000000010',3,'2021-10-26 21:10:08'),
('0000000015',0,'0000000045',1,'2021-10-26 21:10:08'),
('0000000015',0,'0000000012',4,'2021-10-26 21:10:08'),
('0000000015',0,'0000000050',4,'2021-10-26 21:10:08'),
('0000000015',0,'0000000029',2,'2021-10-26 21:10:08'),
('0000000015',0,'0000000008',1,'2021-10-26 21:10:08'),
('0000000015',0,'0000000018',1,'2021-10-26 21:10:08'),
('0000000015',0,'0000000019',3,'2021-10-26 21:10:08'),
('0000000015',0,'0000000005',3,'2021-10-26 21:10:08'),
('0000000015',1,'0000000020',4,'2021-10-26 21:10:08'),
('0000000015',1,'0000000035',2,'2021-10-26 21:10:08'),
('0000000015',1,'0000000009',1,'2021-10-26 21:10:08'),
('0000000015',1,'0000000025',2,'2021-10-26 21:10:08'),
('0000000015',1,'0000000033',1,'2021-10-26 21:10:08'),
('0000000015',1,'0000000041',3,'2021-10-26 21:10:08'),
('0000000015',1,'0000000043',1,'2021-10-26 21:10:08'),
('0000000015',1,'0000000018',2,'2021-10-26 21:10:08'),
('0000000015',1,'0000000042',4,'2021-10-26 21:10:08'),
('0000000015',2,'0000000027',4,'2021-10-26 21:10:08'),
('0000000015',2,'0000000006',3,'2021-10-26 21:10:08'),
('0000000015',2,'0000000018',3,'2021-10-26 21:10:08'),
('0000000015',3,'0000000005',3,'2021-10-26 21:10:08'),
('0000000015',3,'0000000032',2,'2021-10-26 21:10:08'),
('0000000015',3,'0000000013',2,'2021-10-26 21:10:08'),
('0000000015',3,'0000000042',2,'2021-10-26 21:10:08'),
('0000000015',3,'0000000003',2,'2021-10-26 21:10:08'),
('0000000015',3,'0000000025',2,'2021-10-26 21:10:08'),
('0000000015',3,'0000000009',2,'2021-10-26 21:10:08'),
('0000000015',3,'0000000038',3,'2021-10-26 21:10:08'),
('0000000015',3,'0000000047',1,'2021-10-26 21:10:08'),
('0000000015',3,'0000000030',4,'2021-10-26 21:10:08'),
('0000000015',3,'0000000034',4,'2021-10-26 21:10:08'),
('0000000015',3,'0000000044',1,'2021-10-26 21:10:08'),
('0000000015',3,'0000000008',2,'2021-10-26 21:10:08'),
('0000000015',3,'0000000011',2,'2021-10-26 21:10:08'),
('0000000015',3,'0000000031',3,'2021-10-26 21:10:08'),
('0000000015',3,'0000000017',3,'2021-10-26 21:10:08'),
('0000000015',3,'0000000001',2,'2021-10-26 21:10:08'),
('0000000015',3,'0000000037',2,'2021-10-26 21:10:08'),
('0000000015',3,'0000000043',3,'2021-10-26 21:10:08'),
('0000000015',3,'0000000018',2,'2021-10-26 21:10:08'),
('0000000015',3,'0000000036',2,'2021-10-26 21:10:08'),
('0000000015',3,'0000000004',4,'2021-10-26 21:10:08'),
('0000000015',3,'0000000050',4,'2021-10-26 21:10:08'),
('0000000015',3,'0000000007',3,'2021-10-26 21:10:08'),
('0000000015',4,'0000000001',2,'2021-10-26 21:10:08'),
('0000000015',4,'0000000007',4,'2021-10-26 21:10:08'),
('0000000015',4,'0000000037',4,'2021-10-26 21:10:08'),
('0000000015',4,'0000000031',1,'2021-10-26 21:10:08'),
('0000000015',4,'0000000010',3,'2021-10-26 21:10:08'),
('0000000015',4,'0000000014',3,'2021-10-26 21:10:08'),
('0000000015',4,'0000000049',3,'2021-10-26 21:10:08'),
('0000000015',4,'0000000033',1,'2021-10-26 21:10:08'),
('0000000015',4,'0000000025',4,'2021-10-26 21:10:08'),
('0000000015',4,'0000000023',2,'2021-10-26 21:10:08'),
('0000000015',4,'0000000016',3,'2021-10-26 21:10:08'),
('0000000015',4,'0000000041',1,'2021-10-26 21:10:08'),
('0000000015',4,'0000000006',3,'2021-10-26 21:10:08'),
('0000000015',4,'0000000017',4,'2021-10-26 21:10:08'),
('0000000015',4,'0000000024',1,'2021-10-26 21:10:08'),
('0000000015',4,'0000000009',1,'2021-10-26 21:10:08'),
('0000000015',4,'0000000012',2,'2021-10-26 21:10:08'),
('0000000015',4,'0000000027',4,'2021-10-26 21:10:08'),
('0000000015',4,'0000000046',1,'2021-10-26 21:10:08'),
('0000000015',4,'0000000015',4,'2021-10-26 21:10:08'),
('0000000015',4,'0000000028',4,'2021-10-26 21:10:08'),
('0000000015',4,'0000000050',4,'2021-10-26 21:10:08'),
('0000000015',4,'0000000011',1,'2021-10-26 21:10:08'),
('0000000015',4,'0000000022',4,'2021-10-26 21:10:08'),
('0000000015',4,'0000000008',4,'2021-10-26 21:10:08'),
('0000000037',0,'0000000041',2,'2021-10-26 21:10:08'),
('0000000037',0,'0000000040',2,'2021-10-26 21:10:08'),
('0000000037',0,'0000000044',2,'2021-10-26 21:10:08'),
('0000000037',0,'0000000029',2,'2021-10-26 21:10:08'),
('0000000037',0,'0000000009',2,'2021-10-26 21:10:08'),
('0000000037',0,'0000000010',2,'2021-10-26 21:10:08'),
('0000000037',0,'0000000039',1,'2021-10-26 21:10:08'),
('0000000037',0,'0000000001',2,'2021-10-26 21:10:08'),
('0000000037',0,'0000000038',4,'2021-10-26 21:10:08'),
('0000000037',0,'0000000024',3,'2021-10-26 21:10:08'),
('0000000037',0,'0000000036',3,'2021-10-26 21:10:08'),
('0000000037',0,'0000000015',3,'2021-10-26 21:10:08'),
('0000000037',0,'0000000003',1,'2021-10-26 21:10:08'),
('0000000037',0,'0000000037',4,'2021-10-26 21:10:08'),
('0000000037',0,'0000000020',3,'2021-10-26 21:10:08'),
('0000000037',0,'0000000049',2,'2021-10-26 21:10:08'),
('0000000037',0,'0000000004',3,'2021-10-26 21:10:08'),
('0000000037',0,'0000000025',3,'2021-10-26 21:10:08'),
('0000000037',0,'0000000008',2,'2021-10-26 21:10:08'),
('0000000037',0,'0000000018',4,'2021-10-26 21:10:08'),
('0000000037',0,'0000000017',3,'2021-10-26 21:10:08'),
('0000000037',0,'0000000027',2,'2021-10-26 21:10:08'),
('0000000037',0,'0000000005',4,'2021-10-26 21:10:08'),
('0000000037',0,'0000000007',3,'2021-10-26 21:10:08'),
('0000000037',0,'0000000028',4,'2021-10-26 21:10:08'),
('0000000037',0,'0000000026',4,'2021-10-26 21:10:08'),
('0000000037',0,'0000000048',3,'2021-10-26 21:10:08'),
('0000000037',1,'0000000009',4,'2021-10-26 21:10:08'),
('0000000037',1,'0000000004',3,'2021-10-26 21:10:08'),
('0000000037',1,'0000000047',1,'2021-10-26 21:10:08'),
('0000000037',1,'0000000005',2,'2021-10-26 21:10:08'),
('0000000037',1,'0000000014',4,'2021-10-26 21:10:08'),
('0000000037',1,'0000000012',2,'2021-10-26 21:10:08'),
('0000000037',1,'0000000042',4,'2021-10-26 21:10:08'),
('0000000037',1,'0000000021',1,'2021-10-26 21:10:08'),
('0000000037',1,'0000000046',4,'2021-10-26 21:10:08'),
('0000000037',1,'0000000018',1,'2021-10-26 21:10:08'),
('0000000037',1,'0000000030',4,'2021-10-26 21:10:08'),
('0000000037',1,'0000000003',3,'2021-10-26 21:10:08'),
('0000000037',1,'0000000013',2,'2021-10-26 21:10:08'),
('0000000037',1,'0000000044',4,'2021-10-26 21:10:08'),
('0000000037',1,'0000000017',1,'2021-10-26 21:10:08'),
('0000000037',1,'0000000002',4,'2021-10-26 21:10:08'),
('0000000037',1,'0000000032',1,'2021-10-26 21:10:08'),
('0000000037',1,'0000000038',3,'2021-10-26 21:10:08'),
('0000000037',1,'0000000008',4,'2021-10-26 21:10:08'),
('0000000037',1,'0000000045',4,'2021-10-26 21:10:08'),
('0000000037',1,'0000000020',4,'2021-10-26 21:10:08'),
('0000000037',1,'0000000027',3,'2021-10-26 21:10:08'),
('0000000037',1,'0000000034',2,'2021-10-26 21:10:08'),
('0000000037',1,'0000000022',2,'2021-10-26 21:10:08'),
('0000000037',1,'0000000049',3,'2021-10-26 21:10:08'),
('0000000037',1,'0000000007',2,'2021-10-26 21:10:08'),
('0000000037',1,'0000000015',3,'2021-10-26 21:10:08'),
('0000000037',1,'0000000029',2,'2021-10-26 21:10:09'),
('0000000037',2,'0000000028',1,'2021-10-26 21:10:09'),
('0000000037',2,'0000000024',3,'2021-10-26 21:10:09'),
('0000000037',2,'0000000011',4,'2021-10-26 21:10:09'),
('0000000037',2,'0000000023',2,'2021-10-26 21:10:09'),
('0000000037',2,'0000000033',3,'2021-10-26 21:10:09'),
('0000000037',3,'0000000028',2,'2021-10-26 21:10:09'),
('0000000037',3,'0000000002',4,'2021-10-26 21:10:09'),
('0000000037',3,'0000000035',3,'2021-10-26 21:10:09'),
('0000000037',3,'0000000003',4,'2021-10-26 21:10:09'),
('0000000037',3,'0000000047',2,'2021-10-26 21:10:09'),
('0000000037',3,'0000000038',3,'2021-10-26 21:10:09'),
('0000000037',3,'0000000029',1,'2021-10-26 21:10:09'),
('0000000037',3,'0000000024',1,'2021-10-26 21:10:09'),
('0000000037',3,'0000000019',4,'2021-10-26 21:10:09'),
('0000000037',3,'0000000021',3,'2021-10-26 21:10:09'),
('0000000037',3,'0000000050',4,'2021-10-26 21:10:09'),
('0000000037',3,'0000000011',2,'2021-10-26 21:10:09'),
('0000000037',3,'0000000042',4,'2021-10-26 21:10:09'),
('0000000037',3,'0000000032',1,'2021-10-26 21:10:09'),
('0000000037',3,'0000000020',1,'2021-10-26 21:10:09'),
('0000000037',3,'0000000008',4,'2021-10-26 21:10:09'),
('0000000037',3,'0000000033',1,'2021-10-26 21:10:09'),
('0000000037',3,'0000000022',3,'2021-10-26 21:10:09'),
('0000000037',3,'0000000031',2,'2021-10-26 21:10:09'),
('0000000037',3,'0000000005',3,'2021-10-26 21:10:09'),
('0000000037',3,'0000000030',2,'2021-10-26 21:10:09'),
('0000000037',3,'0000000023',1,'2021-10-26 21:10:09'),
('0000000037',3,'0000000016',2,'2021-10-26 21:10:09'),
('0000000037',3,'0000000018',3,'2021-10-26 21:10:09'),
('0000000037',3,'0000000006',1,'2021-10-26 21:10:09'),
('0000000037',3,'0000000039',2,'2021-10-26 21:10:09'),
('0000000037',3,'0000000017',1,'2021-10-26 21:10:09'),
('0000000037',3,'0000000025',1,'2021-10-26 21:10:09'),
('0000000037',3,'0000000049',4,'2021-10-26 21:10:09'),
('0000000037',3,'0000000027',1,'2021-10-26 21:10:09'),
('0000000037',3,'0000000045',2,'2021-10-26 21:10:09'),
('0000000037',3,'0000000004',1,'2021-10-26 21:10:09'),
('0000000037',3,'0000000026',2,'2021-10-26 21:10:09'),
('0000000037',3,'0000000015',1,'2021-10-26 21:10:09'),
('0000000037',3,'0000000046',4,'2021-10-26 21:10:09'),
('0000000037',3,'0000000012',2,'2021-10-26 21:10:09'),
('0000000013',0,'0000000026',1,'2021-10-26 21:10:09'),
('0000000013',0,'0000000012',4,'2021-10-26 21:10:09'),
('0000000013',0,'0000000024',1,'2021-10-26 21:10:09'),
('0000000013',0,'0000000004',4,'2021-10-26 21:10:09'),
('0000000013',0,'0000000039',4,'2021-10-26 21:10:09'),
('0000000013',0,'0000000038',2,'2021-10-26 21:10:09'),
('0000000013',0,'0000000018',4,'2021-10-26 21:10:09'),
('0000000013',0,'0000000008',3,'2021-10-26 21:10:09'),
('0000000013',0,'0000000029',2,'2021-10-26 21:10:09'),
('0000000013',0,'0000000042',4,'2021-10-26 21:10:09'),
('0000000013',0,'0000000021',3,'2021-10-26 21:10:09'),
('0000000013',0,'0000000037',4,'2021-10-26 21:10:09'),
('0000000013',0,'0000000036',1,'2021-10-26 21:10:09'),
('0000000013',0,'0000000043',3,'2021-10-26 21:10:09'),
('0000000013',0,'0000000048',2,'2021-10-26 21:10:09'),
('0000000013',0,'0000000049',4,'2021-10-26 21:10:09'),
('0000000013',0,'0000000003',2,'2021-10-26 21:10:09'),
('0000000013',0,'0000000019',3,'2021-10-26 21:10:09'),
('0000000013',0,'0000000014',4,'2021-10-26 21:10:09'),
('0000000013',0,'0000000033',4,'2021-10-26 21:10:09'),
('0000000013',0,'0000000005',1,'2021-10-26 21:10:09'),
('0000000013',0,'0000000010',4,'2021-10-26 21:10:09'),
('0000000013',0,'0000000030',1,'2021-10-26 21:10:09'),
('0000000013',0,'0000000013',4,'2021-10-26 21:10:09'),
('0000000013',0,'0000000023',4,'2021-10-26 21:10:09'),
('0000000013',0,'0000000050',2,'2021-10-26 21:10:09'),
('0000000013',0,'0000000007',4,'2021-10-26 21:10:09'),
('0000000013',0,'0000000027',2,'2021-10-26 21:10:09'),
('0000000013',0,'0000000016',3,'2021-10-26 21:10:09'),
('0000000013',0,'0000000041',4,'2021-10-26 21:10:09'),
('0000000013',0,'0000000031',4,'2021-10-26 21:10:09'),
('0000000013',0,'0000000002',2,'2021-10-26 21:10:09'),
('0000000013',0,'0000000022',2,'2021-10-26 21:10:09'),
('0000000013',0,'0000000035',4,'2021-10-26 21:10:09'),
('0000000013',0,'0000000034',3,'2021-10-26 21:10:09'),
('0000000013',2,'0000000002',1,'2021-10-26 21:10:09'),
('0000000013',2,'0000000016',1,'2021-10-26 21:10:09'),
('0000000013',2,'0000000047',4,'2021-10-26 21:10:09'),
('0000000013',2,'0000000033',1,'2021-10-26 21:10:09'),
('0000000013',2,'0000000005',2,'2021-10-26 21:10:09'),
('0000000013',2,'0000000050',4,'2021-10-26 21:10:09'),
('0000000013',2,'0000000030',3,'2021-10-26 21:10:09'),
('0000000013',2,'0000000003',3,'2021-10-26 21:10:09'),
('0000000013',2,'0000000035',1,'2021-10-26 21:10:09'),
('0000000013',2,'0000000028',1,'2021-10-26 21:10:09'),
('0000000013',2,'0000000014',2,'2021-10-26 21:10:09'),
('0000000013',2,'0000000045',1,'2021-10-26 21:10:09'),
('0000000013',2,'0000000021',3,'2021-10-26 21:10:09'),
('0000000013',2,'0000000008',2,'2021-10-26 21:10:09'),
('0000000013',2,'0000000019',4,'2021-10-26 21:10:09'),
('0000000013',2,'0000000044',3,'2021-10-26 21:10:09'),
('0000000013',2,'0000000025',1,'2021-10-26 21:10:09'),
('0000000013',2,'0000000036',4,'2021-10-26 21:10:09'),
('0000000013',2,'0000000023',3,'2021-10-26 21:10:09'),
('0000000013',2,'0000000049',2,'2021-10-26 21:10:09'),
('0000000013',2,'0000000015',4,'2021-10-26 21:10:09'),
('0000000013',2,'0000000020',4,'2021-10-26 21:10:09'),
('0000000013',2,'0000000001',3,'2021-10-26 21:10:09'),
('0000000013',2,'0000000007',2,'2021-10-26 21:10:09'),
('0000000013',2,'0000000029',3,'2021-10-26 21:10:09'),
('0000000013',2,'0000000013',1,'2021-10-26 21:10:09'),
('0000000013',2,'0000000006',1,'2021-10-26 21:10:09'),
('0000000013',2,'0000000024',2,'2021-10-26 21:10:09'),
('0000000013',2,'0000000004',3,'2021-10-26 21:10:09'),
('0000000013',2,'0000000038',4,'2021-10-26 21:10:09'),
('0000000013',2,'0000000010',1,'2021-10-26 21:10:09'),
('0000000013',2,'0000000042',4,'2021-10-26 21:10:09'),
('0000000013',2,'0000000012',4,'2021-10-26 21:10:09'),
('0000000013',2,'0000000031',3,'2021-10-26 21:10:09'),
('0000000013',3,'0000000010',1,'2021-10-26 21:10:09'),
('0000000013',3,'0000000046',2,'2021-10-26 21:10:09'),
('0000000013',3,'0000000012',4,'2021-10-26 21:10:09'),
('0000000013',3,'0000000019',1,'2021-10-26 21:10:09'),
('0000000013',3,'0000000033',2,'2021-10-26 21:10:09'),
('0000000013',3,'0000000011',3,'2021-10-26 21:10:09'),
('0000000013',3,'0000000038',1,'2021-10-26 21:10:09'),
('0000000013',3,'0000000020',2,'2021-10-26 21:10:09'),
('0000000013',3,'0000000021',2,'2021-10-26 21:10:09'),
('0000000013',3,'0000000041',2,'2021-10-26 21:10:09'),
('0000000013',3,'0000000004',4,'2021-10-26 21:10:09'),
('0000000013',3,'0000000005',2,'2021-10-26 21:10:09'),
('0000000013',3,'0000000006',4,'2021-10-26 21:10:09'),
('0000000013',3,'0000000023',3,'2021-10-26 21:10:09'),
('0000000013',3,'0000000008',2,'2021-10-26 21:10:09'),
('0000000013',3,'0000000022',3,'2021-10-26 21:10:09'),
('0000000013',3,'0000000050',3,'2021-10-26 21:10:09'),
('0000000013',3,'0000000002',2,'2021-10-26 21:10:09'),
('0000000013',3,'0000000042',2,'2021-10-26 21:10:09'),
('0000000013',3,'0000000017',4,'2021-10-26 21:10:09'),
('0000000013',3,'0000000014',3,'2021-10-26 21:10:09'),
('0000000013',3,'0000000032',2,'2021-10-26 21:10:09'),
('0000000013',3,'0000000031',3,'2021-10-26 21:10:09'),
('0000000013',3,'0000000037',1,'2021-10-26 21:10:09'),
('0000000013',3,'0000000007',1,'2021-10-26 21:10:09'),
('0000000013',3,'0000000030',3,'2021-10-26 21:10:09'),
('0000000013',3,'0000000015',3,'2021-10-26 21:10:10'),
('0000000013',3,'0000000013',3,'2021-10-26 21:10:10'),
('0000000013',3,'0000000049',1,'2021-10-26 21:10:10'),
('0000000013',3,'0000000045',1,'2021-10-26 21:10:10'),
('0000000013',3,'0000000026',1,'2021-10-26 21:10:10'),
('0000000013',3,'0000000001',3,'2021-10-26 21:10:10'),
('0000000013',3,'0000000043',1,'2021-10-26 21:10:10'),
('0000000013',4,'0000000022',3,'2021-10-26 21:10:10'),
('0000000013',4,'0000000026',4,'2021-10-26 21:10:10'),
('0000000013',4,'0000000016',4,'2021-10-26 21:10:10'),
('0000000013',4,'0000000050',1,'2021-10-26 21:10:10'),
('0000000013',4,'0000000040',4,'2021-10-26 21:10:10'),
('0000000013',4,'0000000008',3,'2021-10-26 21:10:10'),
('0000000013',4,'0000000038',2,'2021-10-26 21:10:10'),
('0000000013',4,'0000000044',1,'2021-10-26 21:10:10'),
('0000000013',4,'0000000033',2,'2021-10-26 21:10:10'),
('0000000013',4,'0000000017',4,'2021-10-26 21:10:10'),
('0000000013',4,'0000000013',4,'2021-10-26 21:10:10'),
('0000000013',4,'0000000035',1,'2021-10-26 21:10:10'),
('0000000013',4,'0000000019',2,'2021-10-26 21:10:10'),
('0000000013',4,'0000000048',1,'2021-10-26 21:10:10'),
('0000000013',4,'0000000003',3,'2021-10-26 21:10:10'),
('0000000013',4,'0000000007',1,'2021-10-26 21:10:10'),
('0000000001',0,'0000000026',2,'2021-10-26 21:10:10'),
('0000000001',0,'0000000005',4,'2021-10-26 21:10:10'),
('0000000001',0,'0000000021',4,'2021-10-26 21:10:10'),
('0000000001',0,'0000000030',2,'2021-10-26 21:10:10'),
('0000000001',0,'0000000012',4,'2021-10-26 21:10:10'),
('0000000001',0,'0000000015',4,'2021-10-26 21:10:10'),
('0000000001',0,'0000000045',1,'2021-10-26 21:10:10'),
('0000000001',0,'0000000046',2,'2021-10-26 21:10:10'),
('0000000001',0,'0000000003',1,'2021-10-26 21:10:10'),
('0000000001',0,'0000000004',1,'2021-10-26 21:10:10'),
('0000000001',0,'0000000031',1,'2021-10-26 21:10:10'),
('0000000001',0,'0000000016',1,'2021-10-26 21:10:10'),
('0000000001',0,'0000000018',2,'2021-10-26 21:10:10'),
('0000000001',0,'0000000019',4,'2021-10-26 21:10:10'),
('0000000001',0,'0000000011',4,'2021-10-26 21:10:10'),
('0000000001',0,'0000000025',3,'2021-10-26 21:10:10'),
('0000000001',0,'0000000048',4,'2021-10-26 21:10:10'),
('0000000001',0,'0000000028',3,'2021-10-26 21:10:10'),
('0000000001',0,'0000000043',4,'2021-10-26 21:10:10'),
('0000000001',0,'0000000006',3,'2021-10-26 21:10:10'),
('0000000001',0,'0000000027',1,'2021-10-26 21:10:10'),
('0000000001',0,'0000000024',2,'2021-10-26 21:10:10'),
('0000000001',0,'0000000009',2,'2021-10-26 21:10:10'),
('0000000001',0,'0000000008',2,'2021-10-26 21:10:10'),
('0000000001',0,'0000000002',1,'2021-10-26 21:10:10'),
('0000000001',0,'0000000017',1,'2021-10-26 21:10:10'),
('0000000001',1,'0000000021',2,'2021-10-26 21:10:10'),
('0000000001',1,'0000000049',2,'2021-10-26 21:10:10'),
('0000000001',1,'0000000030',4,'2021-10-26 21:10:10'),
('0000000001',1,'0000000034',3,'2021-10-26 21:10:10'),
('0000000001',1,'0000000005',3,'2021-10-26 21:10:10'),
('0000000001',1,'0000000046',4,'2021-10-26 21:10:10'),
('0000000001',1,'0000000002',3,'2021-10-26 21:10:10'),
('0000000001',1,'0000000036',4,'2021-10-26 21:10:10'),
('0000000001',1,'0000000016',1,'2021-10-26 21:10:10'),
('0000000001',1,'0000000020',2,'2021-10-26 21:10:10'),
('0000000001',1,'0000000039',3,'2021-10-26 21:10:10'),
('0000000001',1,'0000000037',4,'2021-10-26 21:10:10'),
('0000000001',1,'0000000028',1,'2021-10-26 21:10:10'),
('0000000001',1,'0000000019',1,'2021-10-26 21:10:10'),
('0000000001',1,'0000000015',2,'2021-10-26 21:10:10'),
('0000000001',1,'0000000047',1,'2021-10-26 21:10:10');

-- Responses_to_comment
DELETE FROM Responses_to_comment;
INSERT INTO Responses_to_comment VALUES
('0000000044',1,'0000000002',2,'2021-10-26 21:10:10'),
('0000000044',1,'0000000043',1,'2021-10-26 21:10:10'),
('0000000044',2,'0000000047',1,'2021-10-26 21:10:10'),
('0000000044',2,'0000000029',1,'2021-10-26 21:10:10'),
('0000000044',2,'0000000048',1,'2021-10-26 21:10:10'),
('0000000044',2,'0000000013',2,'2021-10-26 21:10:10'),
('0000000044',2,'0000000025',2,'2021-10-26 21:10:10'),
('0000000002',0,'0000000021',3,'2021-10-26 21:10:10'),
('0000000002',0,'0000000024',3,'2021-10-26 21:10:10'),
('0000000002',0,'0000000050',4,'2021-10-26 21:10:10'),
('0000000002',0,'0000000047',3,'2021-10-26 21:10:10'),
('0000000002',0,'0000000037',2,'2021-10-26 21:10:10'),
('0000000002',0,'0000000012',1,'2021-10-26 21:10:10'),
('0000000002',0,'0000000009',4,'2021-10-26 21:10:10'),
('0000000002',0,'0000000022',1,'2021-10-26 21:10:10'),
('0000000002',1,'0000000047',4,'2021-10-26 21:10:10'),
('0000000002',1,'0000000017',1,'2021-10-26 21:10:10'),
('0000000002',1,'0000000013',4,'2021-10-26 21:10:10'),
('0000000002',1,'0000000002',2,'2021-10-26 21:10:10'),
('0000000002',2,'0000000020',4,'2021-10-26 21:10:10'),
('0000000002',2,'0000000024',4,'2021-10-26 21:10:10'),
('0000000002',2,'0000000038',3,'2021-10-26 21:10:10'),
('0000000002',2,'0000000016',2,'2021-10-26 21:10:10'),
('0000000002',2,'0000000007',2,'2021-10-26 21:10:10'),
('0000000002',2,'0000000023',4,'2021-10-26 21:10:10'),
('0000000002',2,'0000000011',3,'2021-10-26 21:10:10'),
('0000000002',3,'0000000040',2,'2021-10-26 21:10:10'),
('0000000002',3,'0000000025',2,'2021-10-26 21:10:10'),
('0000000002',3,'0000000011',4,'2021-10-26 21:10:10'),
('0000000002',3,'0000000007',1,'2021-10-26 21:10:10'),
('0000000002',3,'0000000050',1,'2021-10-26 21:10:10'),
('0000000029',0,'0000000016',4,'2021-10-26 21:10:10'),
('0000000029',1,'0000000021',1,'2021-10-26 21:10:10'),
('0000000029',1,'0000000026',1,'2021-10-26 21:10:10'),
('0000000029',1,'0000000041',1,'2021-10-26 21:10:10'),
('0000000029',1,'0000000037',4,'2021-10-26 21:10:10'),
('0000000029',1,'0000000043',2,'2021-10-26 21:10:10'),
('0000000029',1,'0000000012',3,'2021-10-26 21:10:10'),
('0000000029',1,'0000000018',4,'2021-10-26 21:10:10'),
('0000000029',1,'0000000042',4,'2021-10-26 21:10:10'),
('0000000029',3,'0000000012',4,'2021-10-26 21:10:10'),
('0000000029',3,'0000000017',3,'2021-10-26 21:10:10'),
('0000000029',3,'0000000049',1,'2021-10-26 21:10:10'),
('0000000029',3,'0000000044',2,'2021-10-26 21:10:10'),
('0000000029',3,'0000000041',4,'2021-10-26 21:10:10'),
('0000000029',3,'0000000030',4,'2021-10-26 21:10:10'),
('0000000029',3,'0000000035',1,'2021-10-26 21:10:10'),
('0000000029',3,'0000000045',1,'2021-10-26 21:10:10'),
('0000000015',0,'0000000042',3,'2021-10-26 21:10:10'),
('0000000015',0,'0000000046',3,'2021-10-26 21:10:10'),
('0000000015',0,'0000000047',4,'2021-10-26 21:10:10'),
('0000000015',1,'0000000026',1,'2021-10-26 21:10:10'),
('0000000015',1,'0000000013',4,'2021-10-26 21:10:10'),
('0000000015',1,'0000000028',4,'2021-10-26 21:10:10'),
('0000000015',1,'0000000049',1,'2021-10-26 21:10:10'),
('0000000015',1,'0000000019',4,'2021-10-26 21:10:10'),
('0000000015',1,'0000000010',3,'2021-10-26 21:10:10'),
('0000000015',1,'0000000027',4,'2021-10-26 21:10:10'),
('0000000015',1,'0000000045',2,'2021-10-26 21:10:10'),
('0000000015',2,'0000000015',1,'2021-10-26 21:10:10'),
('0000000015',2,'0000000007',1,'2021-10-26 21:10:10'),
('0000000015',2,'0000000018',3,'2021-10-26 21:10:10'),
('0000000015',2,'0000000003',1,'2021-10-26 21:10:10'),
('0000000015',3,'0000000010',4,'2021-10-26 21:10:10'),
('0000000015',3,'0000000027',4,'2021-10-26 21:10:10'),
('0000000015',3,'0000000046',2,'2021-10-26 21:10:10'),
('0000000015',3,'0000000036',3,'2021-10-26 21:10:10'),
('0000000015',3,'0000000007',3,'2021-10-26 21:10:10'),
('0000000015',3,'0000000020',4,'2021-10-26 21:10:10'),
('0000000015',4,'0000000020',2,'2021-10-26 21:10:10'),
('0000000015',4,'0000000022',3,'2021-10-26 21:10:10'),
('0000000015',4,'0000000041',4,'2021-10-26 21:10:10'),
('0000000015',4,'0000000004',4,'2021-10-26 21:10:10'),
('0000000015',4,'0000000050',2,'2021-10-26 21:10:10'),
('0000000015',4,'0000000023',4,'2021-10-26 21:10:10'),
('0000000015',5,'0000000005',3,'2021-10-26 21:10:10'),
('0000000015',5,'0000000012',3,'2021-10-26 21:10:10'),
('0000000015',5,'0000000046',1,'2021-10-26 21:10:10'),
('0000000015',6,'0000000003',1,'2021-10-26 21:10:10'),
('0000000015',6,'0000000022',3,'2021-10-26 21:10:10'),
('0000000015',6,'0000000043',1,'2021-10-26 21:10:10'),
('0000000037',0,'0000000046',2,'2021-10-26 21:10:10'),
('0000000037',0,'0000000036',1,'2021-10-26 21:10:10'),
('0000000037',0,'0000000013',1,'2021-10-26 21:10:10'),
('0000000037',0,'0000000042',1,'2021-10-26 21:10:10'),
('0000000037',1,'0000000009',2,'2021-10-26 21:10:10'),
('0000000037',1,'0000000029',2,'2021-10-26 21:10:10'),
('0000000037',1,'0000000047',2,'2021-10-26 21:10:10'),
('0000000037',1,'0000000011',2,'2021-10-26 21:10:10'),
('0000000037',1,'0000000030',4,'2021-10-26 21:10:10'),
('0000000037',1,'0000000043',3,'2021-10-26 21:10:10'),
('0000000037',1,'0000000036',2,'2021-10-26 21:10:10'),
('0000000037',2,'0000000050',1,'2021-10-26 21:10:10'),
('0000000037',2,'0000000005',4,'2021-10-26 21:10:10'),
('0000000037',2,'0000000041',1,'2021-10-26 21:10:10'),
('0000000037',2,'0000000032',1,'2021-10-26 21:10:10'),
('0000000037',2,'0000000021',2,'2021-10-26 21:10:10'),
('0000000037',3,'0000000018',2,'2021-10-26 21:10:10'),
('0000000037',3,'0000000010',1,'2021-10-26 21:10:10'),
('0000000037',3,'0000000004',4,'2021-10-26 21:10:10'),
('0000000037',3,'0000000038',1,'2021-10-26 21:10:10'),
('0000000037',3,'0000000019',4,'2021-10-26 21:10:10'),
('0000000037',3,'0000000047',2,'2021-10-26 21:10:10'),
('0000000037',3,'0000000006',1,'2021-10-26 21:10:10'),
('0000000037',3,'0000000029',3,'2021-10-26 21:10:10'),
('0000000037',4,'0000000019',3,'2021-10-26 21:10:10'),
('0000000037',4,'0000000022',4,'2021-10-26 21:10:10'),
('0000000037',4,'0000000038',3,'2021-10-26 21:10:10');

